id,name,description,unit_price,merchant_id,created_at,updated_at
1,Item Necessitatibus Facilis,Omnis error accusantium est ea enim sint. Vero accusantium voluptatem natus et commodi deleniti. Autem soluta omnis in qui commodi. Qui corporis est ut blanditiis. Sit corrupti magnam sit dolores nostrum unde esse.,16180,1,2012-02-26 20:56:50 UTC,2012-02-26 20:56:50 UTC
2,Item Iusto Perspiciatis,Possimus omnis dolorum consectetur. Laborum eum est quia assumenda iste. Voluptas sed molestias harum maiores numquam aut commodi. Soluta dolores debitis.,23920,1,2012-02-26 20:56:50 UTC,2012-02-26 20:56:50 UTC
3,Item Ea Quis,Consequuntur nihil debitis ut vero consequatur. Dolores cum commodi quis deleniti quo. Aliquam at aut perferendis dolor architecto et dolor.,16516,1,2012-02-26 20:56:50 UTC,2012-02-26 20:56:50 UTC
4,Item Repellat Dolorum,Nihil illo ut dolorem velit est. Est aut molestiae id optio. Minima nihil tenetur praesentium. Itaque aut libero necessitatibus et dolorem inventore.,7661,1,2012-02-26 20:56:50 UTC,2012-02-26 20:56:50 UTC
5,Item Pariatur Eius,Ut dolor necessitatibus quo voluptatem. Voluptatem dignissimos ipsa sed sed ut illum. Hic ducimus aut ut et magnam.,56464,1,2012-02-26 20:56:50 UTC,2012-02-26 20:56:50 UTC
6,Item Error Non,Ad aliquid nisi impedit ipsum. Tenetur assumenda vitae. Dolore at et quam est nisi illo. Iure eos neque.,15212,1,2012-02-26 20:56:50 UTC,2012-02-26 20:56:50 UTC
7,Item Inventore Dolore,Dicta ullam voluptate non autem. Aut in omnis. Dolore omnis provident. Est laboriosam quas consequuntur corrupti nemo iusto in. Dolores possimus quis quo qui earum quam.,53775,1,2012-02-26 20:56:50 UTC,2012-02-26 20:56:50 UTC
8,Item Magnam Suscipit,Consectetur aspernatur aut ipsa officia consequuntur praesentium ipsam. Qui expedita qui impedit aut et. Nobis ut dignissimos et. Velit accusantium harum exercitationem magni id in sequi. Voluptas id et est ut.,80226,1,2012-02-26 20:56:50 UTC,2012-02-26 20:56:50 UTC
9,Item Eaque Culpa,Repellendus consequuntur non. Ipsum quidem at eos. Omnis quis debitis quis nulla. Quo sit et quia occaecati quibusdam.,56833,1,2012-02-26 20:56:50 UTC,2012-02-26 20:56:50 UTC
10,Item Voluptatem Omnis,Porro fugiat ut et. Optio nostrum aliquid. Rem aut eos quod molestiae et nostrum recusandae. Quae et qui incidunt laboriosam eos libero. Dolores vitae esse adipisci alias accusamus in.,25279,1,2012-02-26 20:56:50 UTC,2012-02-26 20:56:50 UTC
11,Item Excepturi Aliquam,Et quisquam eum fuga consequatur enim et. Maxime dolores occaecati accusantium. Quis minus consequuntur sint similique. Dicta ut qui.,11211,1,2012-02-26 20:56:50 UTC,2012-02-26 20:56:50 UTC
12,Item Necessitatibus Tempora,Facere ex inventore perspiciatis quis animi et. Consectetur rerum enim impedit ea ipsam est. Nobis aliquid id earum.,66216,1,2012-02-26 20:56:50 UTC,2012-02-26 20:56:50 UTC
13,Item Vitae Non,Aperiam est ipsam. Fuga beatae qui assumenda. Maxime autem enim non culpa dolorem.,76363,1,2012-02-26 20:56:50 UTC,2012-02-26 20:56:50 UTC
14,Item Fugit Sint,Ut delectus dicta voluptate debitis qui. Enim accusamus architecto voluptatem. Animi aliquid sunt praesentium. Neque nobis placeat error nemo amet fugit sed.,78805,1,2012-02-26 20:56:50 UTC,2012-02-26 20:56:50 UTC
15,Item Quasi Numquam,Minus et eum sapiente dolores. Ullam tenetur dolorum ad expedita optio animi nihil. Asperiores consectetur illo quia.,35925,1,2012-02-26 20:56:50 UTC,2012-02-26 20:56:50 UTC
16,Item Ut Commodi,Impedit ut dolorem maxime et. Illo minus inventore adipisci consequatur dolor. Perferendis quia aliquam. Consequatur nisi et. Est sit exercitationem voluptas distinctio quo quam.,36306,1,2012-02-26 20:56:50 UTC,2012-02-26 20:56:50 UTC
17,Item Quos Et,Alias aut facilis quis. Rem tempore id beatae ut temporibus. Commodi nulla eos ipsum soluta qui voluptatem fugiat.,51527,1,2012-02-26 20:56:50 UTC,2012-02-26 20:56:50 UTC
18,Item Pariatur Voluptates,Sapiente architecto provident dolor harum quia fugiat quibusdam. Autem beatae id occaecati eligendi in minima. Quisquam dolor provident corrupti perferendis voluptatem. Laborum sunt qui voluptatum.,55773,1,2012-02-26 20:56:50 UTC,2012-02-26 20:56:50 UTC
19,Item Unde Possimus,Accusamus commodi molestias sint et sit. Iste et sit. Ut in aut.,85013,1,2012-02-26 20:56:50 UTC,2012-02-26 20:56:50 UTC
20,Item Quisquam Harum,Doloremque blanditiis est enim modi. Accusantium officiis quae error dignissimos illum. Omnis suscipit reiciendis porro libero perferendis est. Id eligendi voluptatem voluptates dicta quisquam veniam sit. Asperiores recusandae nesciunt nam et sunt quos quia.,71403,1,2012-02-26 20:56:50 UTC,2012-02-26 20:56:50 UTC
21,Item Et Quisquam,Optio placeat dolore eum aut et perferendis veniam. Et nisi aut non. Amet sint voluptates quam vero.,37706,1,2012-02-26 20:56:50 UTC,2012-02-26 20:56:50 UTC
22,Item Veritatis Repudiandae,Itaque incidunt minus facilis eligendi fugit. Itaque praesentium atque quisquam qui eum rerum. Aut corporis hic aut in.,42790,2,2012-02-26 20:56:50 UTC,2012-02-26 20:56:50 UTC
23,Item Pariatur Ducimus,Quam veniam expedita voluptate asperiores. Rerum omnis quisquam ab repellendus doloribus facilis. Deserunt amet et velit. Dolor eligendi maxime eveniet. Temporibus culpa vel.,31307,2,2012-02-26 20:56:50 UTC,2012-02-26 20:56:50 UTC
24,Item Ipsa Accusamus,Nulla iure voluptatem quia autem sapiente. Porro sequi id dolorem eos. Hic perferendis est rerum ducimus voluptas. Ullam et rem sed. Nemo amet sunt.,85695,2,2012-02-26 20:56:50 UTC,2012-02-26 20:56:50 UTC
25,Item Officia Autem,Ex quam voluptas perferendis. Occaecati sit eum consectetur cumque sit ut est. Quia deserunt modi quo est iusto. Aperiam fugit odio perspiciatis dicta atque. Illum voluptatem itaque.,65905,2,2012-02-26 20:56:50 UTC,2012-02-26 20:56:50 UTC
26,Item Enim Eaque,Cupiditate sunt quasi optio rerum inventore. Cumque eos qui. Et provident possimus asperiores et explicabo.,80334,2,2012-02-26 20:56:50 UTC,2012-02-26 20:56:50 UTC
27,Item Repudiandae Iste,Rerum eum accusamus doloribus corrupti. Quae reiciendis sit dolores iusto asperiores. Qui ea doloremque consectetur. Qui eius enim reiciendis reprehenderit qui nam ut.,77996,2,2012-02-26 20:56:50 UTC,2012-02-26 20:56:50 UTC
28,Item Est Qui,Rerum dolorum aspernatur fugiat eum quae dolores provident. Maxime magnam aut velit. Qui error est ut odio aut harum. Ex modi sit qui. Ad quisquam ipsum explicabo.,52017,2,2012-02-26 20:56:50 UTC,2012-02-26 20:56:50 UTC
29,Item Ipsam Iusto,Dignissimos maiores sed sunt in ea. Amet culpa qui quo sint quo quod. Voluptate incidunt asperiores placeat similique quia officiis numquam.,63305,2,2012-02-26 20:56:50 UTC,2012-02-26 20:56:50 UTC
30,Item Ut Autem,Ex sint eaque explicabo maiores praesentium magni. Sunt libero inventore quod voluptatem. Amet eveniet ipsum sed placeat dolorem. Eos porro autem suscipit sed adipisci sequi.,80615,2,2012-02-26 20:56:50 UTC,2012-02-26 20:56:50 UTC
31,Item Qui Corrupti,Dolores voluptates minus animi tempore. Est necessitatibus dolorem voluptatibus debitis. Quisquam laborum facilis iste ipsa molestiae nobis.,1293,2,2012-02-26 20:56:50 UTC,2012-02-26 20:56:50 UTC
32,Item Ipsum Eaque,Sint similique ullam eligendi ea. Et libero illo nostrum voluptas beatae enim minus. Voluptatibus deserunt ad. Aperiam est eum corporis vero dolores nobis asperiores. Unde corrupti voluptas qui.,22925,2,2012-02-26 20:56:50 UTC,2012-02-26 20:56:50 UTC
33,Item Nam Quia,Molestias iste est dolore inventore. Ratione eaque velit suscipit aut neque possimus adipisci. Dignissimos eum quo. Est praesentium occaecati aspernatur et qui.,57693,2,2012-02-26 20:56:50 UTC,2012-02-26 20:56:50 UTC
34,Item Ab Rerum,Dolores maxime facere nihil laboriosam quidem. Laborum est voluptatem. Eligendi alias inventore voluptatem sint qui quis culpa. Eos blanditiis et adipisci non minus. Consequatur aliquam ducimus esse laudantium vel.,8934,2,2012-02-26 20:56:50 UTC,2012-02-26 20:56:50 UTC
35,Item Placeat Numquam,Eaque recusandae non corporis placeat. Eum vero cum. Sunt natus et ipsum incidunt.,79223,2,2012-02-26 20:56:50 UTC,2012-02-26 20:56:50 UTC
36,Item Pariatur Sit,Illo aut ut earum odit. Dolorum libero perferendis in. Non nesciunt officia cum culpa. Aliquam voluptas ad numquam nulla.,68911,2,2012-02-26 20:56:50 UTC,2012-02-26 20:56:50 UTC
37,Item Officiis Facere,Qui hic quia sapiente neque non. Sequi aut tenetur recusandae. Qui laborum explicabo fugiat nostrum exercitationem illo est. Quod reprehenderit sint. Dolores dolorum totam veritatis necessitatibus.,89051,2,2012-02-26 20:56:50 UTC,2012-02-26 20:56:50 UTC
38,Item Aut Suscipit,In asperiores at deleniti quia et. Doloribus id qui. Id ipsam quis harum dolore ut occaecati a. Fugit sed velit impedit et harum mollitia sint.,24589,2,2012-02-26 20:56:50 UTC,2012-02-26 20:56:50 UTC
39,Item Id Inventore,Molestiae aut harum dolor. Illum non ullam. Nisi velit omnis aut quo.,85091,2,2012-02-26 20:56:50 UTC,2012-02-26 20:56:50 UTC
40,Item Accusantium Hic,Quis aut beatae et autem. Nesciunt voluptates voluptas. Minus velit aut dolorem laborum. Nihil consequatur porro eos ut. Vero quae magni.,96078,2,2012-02-26 20:56:50 UTC,2012-02-26 20:56:50 UTC
41,Item Et Ratione,Et repudiandae aliquam eaque sed. Quis eveniet beatae tempore iusto excepturi. Dicta veniam nam et eaque.,40600,2,2012-02-26 20:56:50 UTC,2012-02-26 20:56:50 UTC
42,Item Eveniet Et,Accusamus necessitatibus eos inventore exercitationem porro. Ut maiores veritatis perferendis. Nulla aut porro sit iure. Impedit reprehenderit harum autem sunt sit. Corrupti provident id repudiandae nemo alias mollitia libero.,12315,3,2012-02-26 20:56:50 UTC,2012-02-26 20:56:50 UTC
43,Item Eos Minus,Eos qui deserunt omnis delectus distinctio et. Incidunt a esse. In quas qui reiciendis consequuntur beatae. Ipsum voluptas at quisquam ut.,19779,3,2012-02-26 20:56:50 UTC,2012-02-26 20:56:50 UTC
44,Item Dolores Rerum,Id voluptas deleniti quas. Eligendi eum et sint cumque sint. Quam asperiores temporibus. Natus et rerum corrupti est.,9568,3,2012-02-26 20:56:50 UTC,2012-02-26 20:56:50 UTC
45,Item Quos Voluptatem,Quidem repudiandae aut excepturi et nemo. Et dicta quos eos iusto sint. Nihil iure rem voluptates est.,21702,3,2012-02-26 20:56:50 UTC,2012-02-26 20:56:50 UTC
46,Item Qui Et,Quae cum et. Cupiditate rerum in et eos perspiciatis quae quod. Eveniet cum aut.,1410,3,2012-02-26 20:56:50 UTC,2012-02-26 20:56:50 UTC
47,Item Possimus Perferendis,Veritatis ut non porro unde cupiditate. Id veritatis eaque. Et soluta totam id occaecati perspiciatis odit sit.,8259,3,2012-02-26 20:56:50 UTC,2012-02-26 20:56:50 UTC
48,Item Consequatur Cum,Ipsa itaque voluptas eos rerum. Repudiandae nobis aut. Est ducimus vel facere. Aliquam sint corporis ducimus adipisci animi.,57199,3,2012-02-26 20:56:50 UTC,2012-02-26 20:56:50 UTC
49,Item Id Explicabo,Molestiae vel voluptatibus nesciunt sed vitae blanditiis. Voluptas quo sint consequatur aperiam vel saepe. Perspiciatis delectus quam.,44407,3,2012-02-26 20:56:50 UTC,2012-02-26 20:56:50 UTC
50,Item Rerum Minima,Illum ducimus at minus. Ipsum exercitationem dolore. Magnam exercitationem quaerat. Eum omnis sit expedita distinctio nihil voluptas.,14789,3,2012-02-26 20:56:50 UTC,2012-02-26 20:56:50 UTC
51,Item Nesciunt Nobis,Aut ut aliquid rerum sequi nostrum quo. Voluptatibus voluptatem quasi quisquam porro sint. Et natus neque. Quasi facere ad molestiae voluptas recusandae. Optio mollitia voluptatibus eaque et aliquam inventore sint.,78546,3,2012-02-26 20:56:50 UTC,2012-02-26 20:56:50 UTC
52,Item Temporibus Et,Vitae sit sed sed iusto assumenda enim voluptas. Sit explicabo sequi sed sint. Nisi eos omnis.,17843,3,2012-02-26 20:56:50 UTC,2012-02-26 20:56:50 UTC
53,Item Quia Voluptatum,Facilis cupiditate magni ut repudiandae rerum. Voluptates qui alias corrupti veniam dolore. Voluptatem quidem itaque molestiae voluptatem qui. Consequatur perferendis ab qui cupiditate.,38508,3,2012-02-26 20:56:50 UTC,2012-02-26 20:56:50 UTC
54,Item Non Ab,Iure eum aperiam ut qui a temporibus. Commodi aut voluptas molestias dolorem deserunt non et. Labore ut inventore libero. Consectetur impedit dignissimos rem et necessitatibus reiciendis.,46524,3,2012-02-26 20:56:50 UTC,2012-02-26 20:56:50 UTC
55,Item Et Quibusdam,Rerum quia architecto consectetur in magni et earum. Est ipsum et. Deleniti explicabo mollitia velit aut iure omnis. Non error ipsum voluptates.,23741,3,2012-02-26 20:56:50 UTC,2012-02-26 20:56:50 UTC
56,Item Sit Recusandae,Fugit temporibus velit provident. Vel corrupti provident. Aut expedita quos. Consectetur eaque quo eos officiis corporis illo.,6530,3,2012-02-26 20:56:50 UTC,2012-02-26 20:56:50 UTC
57,Item Et Suscipit,Accusantium ut enim libero voluptatibus. Quidem sit cum. Eligendi laudantium beatae excepturi provident.,91325,3,2012-02-26 20:56:50 UTC,2012-02-26 20:56:50 UTC
58,Item In Voluptatem,Voluptates est cum consequuntur illo. Corrupti beatae ut. Delectus fugiat maxime voluptatem eius magnam dolore dolorum. Dolor omnis placeat possimus consequatur.,25923,3,2012-02-26 20:56:50 UTC,2012-02-26 20:56:50 UTC
59,Item Earum Saepe,Alias voluptatem odio quis pariatur deleniti provident consequatur. Autem qui occaecati saepe voluptatibus id molestiae. Consectetur et quis ducimus et neque sed. Voluptatem sequi repellendus ut voluptatibus nobis. Velit similique aperiam incidunt est dolor.,67840,3,2012-02-26 20:56:50 UTC,2012-02-26 20:56:50 UTC
60,Item Saepe Voluptatem,Veniam corrupti ea quia aut unde. Est qui in rerum corporis molestiae nam velit. Et et esse.,69789,3,2012-02-26 20:56:50 UTC,2012-02-26 20:56:50 UTC
61,Item Quasi Officiis,Omnis sint sunt illo. Voluptate odit in delectus. Consequuntur ullam et temporibus.,71665,3,2012-02-26 20:56:50 UTC,2012-02-26 20:56:50 UTC
62,Item Non Incidunt,Voluptas aut temporibus veniam repellat sunt doloribus omnis. Minus occaecati sit id corporis qui. Rerum dolore corrupti dolorem ratione.,88281,3,2012-02-26 20:56:50 UTC,2012-02-26 20:56:50 UTC
63,Item Quo Sunt,Est pariatur qui eius ab. Eligendi ducimus voluptatem. Quod laudantium asperiores est non odio. Nihil quam tempore. Nisi recusandae quaerat nostrum occaecati quia consequatur.,80075,3,2012-02-26 20:56:50 UTC,2012-02-26 20:56:50 UTC
64,Item Suscipit Numquam,Voluptatibus amet id tenetur velit. Dolore ullam totam recusandae cum quasi. Nemo ipsum sed. Neque voluptas quia.,20603,3,2012-02-26 20:56:50 UTC,2012-02-26 20:56:50 UTC
65,Item Non Numquam,Sit sint corrupti nisi voluptas. Natus mollitia nam consequatur neque et. Minus voluptas perferendis. Dignissimos recusandae quam aut qui veniam qui aliquam. Repellendus harum veniam dolore nobis natus sit dolores.,87510,3,2012-02-26 20:56:50 UTC,2012-02-26 20:56:50 UTC
66,Item In Voluptas,Dolore officia inventore saepe ut. Quas et quos vel nulla. Soluta nihil sunt voluptatibus quibusdam non autem non. Ex ad quia voluptatem.,57128,3,2012-02-26 20:56:50 UTC,2012-02-26 20:56:50 UTC
67,Item Et Explicabo,Sed ducimus autem omnis hic. In porro debitis sit rem. Dicta quidem molestiae occaecati maxime. Sint nihil at repudiandae dolorem quisquam.,59276,3,2012-02-26 20:56:50 UTC,2012-02-26 20:56:50 UTC
68,Item Aut Qui,Quas similique vel ratione. Consectetur ut est ullam recusandae. Ullam magnam explicabo animi culpa quis fuga alias. Autem iusto provident et excepturi cumque.,93324,3,2012-02-26 20:56:50 UTC,2012-02-26 20:56:50 UTC
69,Item Aspernatur Sint,Enim maiores iure cupiditate culpa quae perferendis. Ea et repellendus aut qui. Temporibus qui commodi harum.,38388,3,2012-02-26 20:56:50 UTC,2012-02-26 20:56:50 UTC
70,Item Magni Voluptatem,Cumque illo sit corporis officiis. Dicta aspernatur quae recusandae. Necessitatibus et soluta quia. Vel a et voluptas sit quo. Numquam earum quia ad.,46689,3,2012-02-26 20:56:50 UTC,2012-02-26 20:56:50 UTC
71,Item Doloremque Eligendi,Dolorem molestias adipisci occaecati maxime perferendis fugit. Aliquid aspernatur molestias rerum officia iusto aut. Commodi nam expedita eum molestiae. Asperiores inventore consequatur qui quo. Repellendus officiis quia velit voluptatem reprehenderit id dolor.,67086,3,2012-02-26 20:56:50 UTC,2012-02-26 20:56:50 UTC
72,Item Dolores Nihil,Et et praesentium provident laboriosam aliquam minus. Quasi dolor atque qui. Voluptatem ducimus minus reprehenderit. Ducimus tempora veniam.,13680,3,2012-02-26 20:56:50 UTC,2012-02-26 20:56:50 UTC
73,Item Doloremque Hic,Eius aspernatur similique ut. Odio dolorem rem doloremque. Adipisci repudiandae dignissimos praesentium dolorum facere odit nam. Et sit cupiditate id. Deserunt et et consequatur sed voluptatem iste.,94782,3,2012-02-26 20:56:50 UTC,2012-02-26 20:56:50 UTC
74,Item Quo Vero,Molestias ipsam magnam provident perspiciatis earum ut cupiditate. Quo eveniet commodi. Omnis sit officiis magni quia.,46466,3,2012-02-26 20:56:50 UTC,2012-02-26 20:56:50 UTC
75,Item Maxime Placeat,Odio magni magnam. Ea et laudantium dolor porro nemo expedita rerum. Aut et laboriosam maxime eveniet magnam dolores unde. Omnis voluptatem voluptatum quasi ducimus.,65286,4,2012-02-26 20:56:50 UTC,2012-02-26 20:56:50 UTC
76,Item Necessitatibus Debitis,Voluptatibus magnam et. Nostrum sit similique fugit et nobis consequatur pariatur. Atque vel harum tempore illum in voluptatem sequi. Sapiente sint eligendi exercitationem molestias quia.,5029,4,2012-02-26 20:56:50 UTC,2012-02-26 20:56:50 UTC
77,Item Distinctio Qui,Ullam animi dolores temporibus voluptate. Quia vero minus voluptas aspernatur. Ut in autem aliquam saepe nostrum et.,70863,4,2012-02-26 20:56:50 UTC,2012-02-26 20:56:50 UTC
78,Item A Qui,Ipsum accusantium id dolore id nulla. Animi illo quis est. Officiis distinctio ipsam id doloribus eveniet reiciendis id.,51536,4,2012-02-26 20:56:50 UTC,2012-02-26 20:56:50 UTC
79,Item Et Officiis,Veniam tenetur ut aut. Reiciendis aut rem est illum. Eum magnam possimus. Aliquid porro rerum.,46814,4,2012-02-26 20:56:50 UTC,2012-02-26 20:56:50 UTC
80,Item Eius Inventore,Commodi occaecati est consequatur vel ea. Dolore eius et totam delectus facere. Reiciendis velit dolorem voluptatem.,15074,4,2012-02-26 20:56:50 UTC,2012-02-26 20:56:50 UTC
81,Item Eos Enim,Dolorem molestiae aliquid rerum reiciendis sequi. Et cupiditate et dolorum. Rerum reiciendis minus. Fuga perferendis et vel tempora dolor blanditiis.,57763,4,2012-02-26 20:56:50 UTC,2012-02-26 20:56:50 UTC
82,Item Tempore Vero,Molestias repellendus rerum nemo est. Eius veniam quia laboriosam non ipsam necessitatibus. Voluptas expedita amet.,96338,4,2012-02-26 20:56:50 UTC,2012-02-26 20:56:50 UTC
83,Item Vero Dolore,Officiis est similique dolores consequatur quia. Ipsa voluptatum ipsam deleniti dicta mollitia aperiam eos. Aut pariatur voluptatem. Nihil est deserunt debitis possimus. Temporibus neque asperiores pariatur qui deserunt ut dolor.,66670,4,2012-02-26 20:56:50 UTC,2012-02-26 20:56:50 UTC
84,Item Incidunt Qui,Pariatur aliquam natus repellat quos quis. Eos quisquam dolores voluptas velit maiores beatae. Nesciunt exercitationem aut. Laboriosam dolorem amet alias temporibus earum aut. Qui nostrum exercitationem deleniti incidunt est.,18951,4,2012-02-26 20:56:50 UTC,2012-02-26 20:56:50 UTC
85,Item Et Dolore,Dicta provident itaque ut enim perferendis ea unde. Quaerat molestiae excepturi placeat sunt. Quos nulla excepturi reprehenderit. Et omnis aperiam sed neque perferendis. Fuga facere vel voluptatem.,25564,4,2012-02-26 20:56:50 UTC,2012-02-26 20:56:50 UTC
86,Item Quia Autem,Et dignissimos repellat earum voluptatum magni et. Nam aut veritatis. Inventore veniam sit et fugiat quo aperiam.,70770,4,2012-02-26 20:56:50 UTC,2012-02-26 20:56:50 UTC
87,Item Sed Aut,Atque modi minus fuga. Voluptas nulla doloribus accusamus veritatis atque. Molestias quos modi eaque laboriosam omnis necessitatibus. Commodi deleniti ab ut quis. Sunt ut dolore eligendi beatae quasi.,63332,4,2012-02-26 20:56:50 UTC,2012-02-26 20:56:50 UTC
88,Item Aspernatur Repellendus,Consectetur in illum. Molestias fugiat at qui qui. Consequatur tempore dolor repellendus. Aut illo et sit cupiditate deserunt amet.,1239,4,2012-02-26 20:56:50 UTC,2012-02-26 20:56:50 UTC
89,Item Saepe Iusto,Amet nisi omnis maxime. Reprehenderit ullam in. Itaque illum voluptatem. Voluptatibus iste asperiores dignissimos non ducimus fugit. Sunt aut non exercitationem quis.,83192,4,2012-02-26 20:56:50 UTC,2012-02-26 20:56:50 UTC
90,Item Corrupti Iure,Alias qui dolorum facilis. Aliquam eos ut sed et quis. Sit pariatur in animi consequatur modi aut. Adipisci quaerat aperiam et dignissimos omnis recusandae labore. Qui id voluptas.,71836,4,2012-02-26 20:56:50 UTC,2012-02-26 20:56:50 UTC
91,Item Eveniet Iste,Facilis ducimus ullam illum voluptate nulla ratione quis. Hic molestiae quis voluptate sit. Ut inventore consequatur nostrum sint doloribus temporibus blanditiis.,93546,4,2012-02-26 20:56:50 UTC,2012-02-26 20:56:50 UTC
92,Item Atque Ut,Pariatur rerum reprehenderit. Mollitia sed sequi maiores. Repellendus deserunt vel dolorem a commodi.,29507,4,2012-02-26 20:56:50 UTC,2012-02-26 20:56:50 UTC
93,Item Aspernatur Et,Aut repellat eius nemo cum molestiae velit. Rem exercitationem rerum numquam aperiam. Sit ullam blanditiis occaecati non quae. Qui in corrupti repellat reiciendis voluptatem. Tempore qui assumenda itaque magnam vel.,12854,4,2012-02-26 20:56:50 UTC,2012-02-26 20:56:50 UTC
94,Item Esse Quasi,Voluptatum itaque totam voluptatem ut blanditiis molestiae. Sed ea qui voluptate et. Voluptates nesciunt sit.,61879,4,2012-02-26 20:56:50 UTC,2012-02-26 20:56:50 UTC
95,Item Voluptas Aspernatur,Assumenda amet est. Quo velit iure sed libero accusamus. Vel facere corporis tenetur adipisci nemo exercitationem veniam. Qui ut amet.,21159,4,2012-02-26 20:56:50 UTC,2012-02-26 20:56:50 UTC
96,Item Eius Explicabo,Voluptas similique nobis illo in ipsum rerum. Est accusantium et delectus commodi ipsam illum sit. Sed omnis et nesciunt debitis possimus. Accusamus maiores in earum rerum porro blanditiis facilis.,50393,4,2012-02-26 20:56:50 UTC,2012-02-26 20:56:50 UTC
97,Item Totam Ducimus,Quia praesentium alias. Sit est omnis rerum. Eaque adipisci enim quaerat perspiciatis recusandae eum pariatur. Voluptate sit hic eos sit molestiae consectetur quia. Nihil amet dolores.,77137,4,2012-02-26 20:56:50 UTC,2012-02-26 20:56:50 UTC
98,Item Eveniet Est,Quo expedita non molestias voluptas earum. Qui sit culpa accusantium voluptas. Aut sed sequi esse. Ut est atque consequuntur sit sed. Quaerat explicabo ut.,36468,4,2012-02-26 20:56:50 UTC,2012-02-26 20:56:50 UTC
99,Item Quo Odit,Nulla numquam suscipit fuga cumque. Delectus voluptatum quam illo voluptatibus facilis dolore tenetur. Doloribus sint velit eligendi incidunt. Veritatis optio blanditiis tempora ea. Cumque consequatur odit qui et et repellendus autem.,56569,4,2012-02-26 20:56:50 UTC,2012-02-26 20:56:50 UTC
100,Item Iusto Natus,Et nam facere et sint aut id. Accusantium optio qui corporis. Ad aut libero maiores.,90513,4,2012-02-26 20:56:50 UTC,2012-02-26 20:56:50 UTC
101,Item Recusandae Sed,Nostrum ut modi. Dignissimos est amet sunt totam saepe. Sapiente voluptatem et dicta ut quae. Delectus in earum excepturi asperiores.,61047,4,2012-02-26 20:56:50 UTC,2012-02-26 20:56:50 UTC
102,Item In Consequuntur,Nobis qui consequatur et. Quisquam et veritatis. Perspiciatis quisquam sed fugit. In quidem tempore dolorem rerum.,78462,4,2012-02-26 20:56:50 UTC,2012-02-26 20:56:50 UTC
103,Item Ducimus Rerum,Repellendus qui voluptates aspernatur quos maxime blanditiis. Veritatis cum consequatur natus quas sed iure. Nobis ut libero quae quis.,9831,4,2012-02-26 20:56:50 UTC,2012-02-26 20:56:50 UTC
104,Item Iure Sint,Ut accusamus asperiores molestiae suscipit similique sed numquam. Debitis nihil mollitia. Labore placeat neque minima aut sapiente suscipit aut. Et saepe vero est. Non doloribus nulla qui explicabo deleniti est.,63067,4,2012-02-26 20:56:50 UTC,2012-02-26 20:56:50 UTC
105,Item Est Aut,Totam qui vero eveniet nesciunt. Et consequatur consequatur necessitatibus occaecati blanditiis illum. Et soluta vel officiis incidunt minima fugiat. Repellendus molestiae fugiat dignissimos rerum sit delectus.,12804,4,2012-02-26 20:56:50 UTC,2012-02-26 20:56:50 UTC
106,Item Qui Ut,Possimus quod ad. Deserunt necessitatibus ullam ut impedit minus qui. Quaerat dolore cum libero laborum quisquam non. Deserunt voluptatem distinctio aperiam accusamus. Incidunt architecto at iusto.,66238,4,2012-02-26 20:56:50 UTC,2012-02-26 20:56:50 UTC
107,Item Sint Nesciunt,Ea aut autem ratione quae quis eius dolorem. Sequi voluptas veniam et repellendus dicta quasi. Deserunt iure rem reiciendis qui error. Culpa adipisci rerum nemo autem.,54025,4,2012-02-26 20:56:50 UTC,2012-02-26 20:56:50 UTC
108,Item Dolores Et,Optio aspernatur et et incidunt. Et hic non ullam dignissimos explicabo et numquam. Velit modi omnis accusamus nam consequatur vero.,56346,4,2012-02-26 20:56:50 UTC,2012-02-26 20:56:50 UTC
109,Item Quia Iure,Ut tempora officia est dignissimos quis id. Totam nihil velit deserunt. Ut ab molestias natus. Asperiores dolorem ut quo deserunt omnis nihil nemo.,32773,4,2012-02-26 20:56:50 UTC,2012-02-26 20:56:50 UTC
110,Item Autem Maxime,Asperiores ex voluptates repudiandae ut. Et ipsa in sit numquam fuga. Corporis consectetur veniam aut nemo.,10476,4,2012-02-26 20:56:50 UTC,2012-02-26 20:56:50 UTC
111,Item Officiis Repellat,Ipsa consequatur ut distinctio. Doloremque animi repudiandae. Facilis earum et quos voluptatem numquam autem deserunt. Vel esse quam nostrum officia facere velit. Architecto veniam ducimus.,65818,4,2012-02-26 20:56:50 UTC,2012-02-26 20:56:50 UTC
112,Item Provident Similique,Officiis et vitae est dolores. Magnam ut quia qui. Molestias adipisci dolorem sapiente blanditiis et.,17876,5,2012-02-26 20:56:50 UTC,2012-02-26 20:56:50 UTC
113,Item Tenetur Voluptate,Iure beatae laboriosam quibusdam. Nemo placeat omnis quo nulla sed unde et. Et labore cum. Iusto tempora sit id.,9996,5,2012-02-26 20:56:50 UTC,2012-02-26 20:56:50 UTC
114,Item Placeat Blanditiis,Et et modi voluptate quas. Sunt consequatur et at nulla. Optio molestias minus quae sit. Quia porro corrupti non. Numquam dolores consequuntur cumque iusto voluptates.,98368,5,2012-02-26 20:56:50 UTC,2012-02-26 20:56:50 UTC
115,Item Aliquam Aut,Alias et quis aut sunt atque qui. Quo labore molestias. Corrupti eum quis voluptatem quia numquam aspernatur reprehenderit. Vitae dolore culpa necessitatibus.,279,5,2012-02-26 20:56:50 UTC,2012-02-26 20:56:50 UTC
116,Item Sequi Assumenda,Facilis sint mollitia dignissimos libero. Et ipsa sit molestiae. Molestias mollitia et sequi. Aut dolor et ut corrupti minus debitis animi. Et sunt consequatur.,61178,5,2012-02-26 20:56:50 UTC,2012-02-26 20:56:50 UTC
117,Item Repellendus Magnam,Rem natus quas. Dicta magnam itaque sequi repellendus occaecati officia doloremque. Sapiente placeat voluptate enim porro. Est distinctio quisquam.,52084,5,2012-02-26 20:56:50 UTC,2012-02-26 20:56:50 UTC
118,Item Nisi Molestiae,Dolores dolore doloribus suscipit. Laborum qui omnis in expedita reiciendis error. Accusamus id beatae magnam.,71022,5,2012-02-26 20:56:51 UTC,2012-02-26 20:56:51 UTC
119,Item Dolorum Praesentium,Soluta explicabo reprehenderit. Qui qui non odit delectus. Iusto nulla iure esse. Necessitatibus ut possimus omnis aut quas et eum. Itaque in nam id illum.,84809,5,2012-02-26 20:56:51 UTC,2012-02-26 20:56:51 UTC
120,Item Voluptas Et,Nobis culpa aliquam laborum. Ut rem qui doloribus sequi dolorum. Repellendus rerum sed qui non aliquam voluptas dolorem.,41591,5,2012-02-26 20:56:51 UTC,2012-02-26 20:56:51 UTC
121,Item Sunt Sint,Ipsa perspiciatis quis quidem. Voluptas eos enim cumque. Ab modi beatae eos. Suscipit amet laborum quis dolor. Quia perspiciatis ipsam nostrum qui maiores et.,86585,5,2012-02-26 20:56:51 UTC,2012-02-26 20:56:51 UTC
122,Item Ab Voluptatem,Rerum in sequi officia at. Ea nostrum eum velit consequatur. Rem molestias nobis repellendus non. Et aperiam eius nihil eos.,38213,6,2012-02-26 20:56:51 UTC,2012-02-26 20:56:51 UTC
123,Item Veniam Voluptatem,Autem impedit fuga vitae at ex incidunt. Qui alias veritatis pariatur dolorem fuga. In vero cum quibusdam tenetur consequatur. Omnis rem repudiandae sunt. Non eos esse magni vero aut facilis doloremque.,16802,6,2012-02-26 20:56:51 UTC,2012-02-26 20:56:51 UTC
124,Item Delectus Ut,Veniam dolor voluptates officia. Voluptates dolorum non. Sint omnis optio itaque similique dolorem veniam. Repellendus itaque et quisquam corporis animi ex in. Unde assumenda corporis.,62696,6,2012-02-26 20:56:51 UTC,2012-02-26 20:56:51 UTC
125,Item Eum Accusamus,Dignissimos ut vel consequuntur voluptatem officiis sed. Saepe nihil omnis. Consequatur rerum pariatur molestiae vel. Rerum inventore doloribus. Explicabo nesciunt voluptate quasi ea maiores.,41029,6,2012-02-26 20:56:51 UTC,2012-02-26 20:56:51 UTC
126,Item Incidunt Placeat,Beatae rerum veritatis excepturi qui officia perferendis amet. Pariatur ab earum assumenda recusandae. Quia maiores totam eaque odit. Quis provident est. Excepturi dolor voluptatem aliquam id.,45991,6,2012-02-26 20:56:51 UTC,2012-02-26 20:56:51 UTC
127,Item Facilis Possimus,Quia officiis vel illo est. Aliquid animi eaque. Nihil porro iure.,99971,6,2012-02-26 20:56:51 UTC,2012-02-26 20:56:51 UTC
128,Item Quae Nihil,Saepe dignissimos dolore. Qui et modi autem quidem rem. Corrupti nihil ut occaecati porro. Laudantium voluptatibus veniam quibusdam. Consectetur vel qui vel velit fuga.,20183,6,2012-02-26 20:56:51 UTC,2012-02-26 20:56:51 UTC
129,Item Quidem Voluptas,Ea quidem itaque. Est ipsum natus consequatur delectus consequatur animi omnis. Voluptatem maxime sint dolorum quia ullam atque qui.,73302,6,2012-02-26 20:56:51 UTC,2012-02-26 20:56:51 UTC
130,Item Velit Assumenda,Animi sed dicta ut. Quia non magni sint voluptatem soluta ut deserunt. Cum ut fugit ut.,26184,6,2012-02-26 20:56:51 UTC,2012-02-26 20:56:51 UTC
131,Item Ab Corrupti,Ea sed ut. Tempore rem reiciendis eum officia. Sint recusandae debitis ipsam molestias labore explicabo. Est iure fuga.,54135,6,2012-02-26 20:56:51 UTC,2012-02-26 20:56:51 UTC
132,Item Dolorem Voluptatibus,Animi dolor odit quae. Voluptatem qui minus eligendi. Asperiores nam rerum facere. Autem omnis maxime nobis. Consequuntur dicta quo tenetur porro neque error qui.,54115,6,2012-02-26 20:56:51 UTC,2012-02-26 20:56:51 UTC
133,Item Quo Rerum,Et tempore asperiores quod tempora soluta. Reiciendis voluptatem veritatis. Excepturi nam ipsum nesciunt odit quia rerum saepe. Molestiae velit nisi.,53497,6,2012-02-26 20:56:51 UTC,2012-02-26 20:56:51 UTC
134,Item Qui Fugiat,Mollitia vero ad est voluptatem. Cupiditate laudantium quae aliquam. Voluptatem est vitae qui inventore.,6994,6,2012-02-26 20:56:51 UTC,2012-02-26 20:56:51 UTC
135,Item Dolorem Deleniti,Aperiam fugit enim id maxime at qui. Non rem ut nemo voluptates et necessitatibus aut. Consequatur mollitia dolore adipisci non dicta quam. Rem consequatur error nostrum deleniti quia.,69385,6,2012-02-26 20:56:51 UTC,2012-02-26 20:56:51 UTC
136,Item Cupiditate Est,Enim voluptatem officia voluptas ratione quidem culpa. Asperiores illo tenetur perspiciatis. Sit dignissimos nobis nihil ab sint. Veniam pariatur qui animi cumque repellendus. Eum sit ut cumque nulla repudiandae molestiae.,5573,6,2012-02-26 20:56:51 UTC,2012-02-26 20:56:51 UTC
137,Item Quas Minus,Facilis nihil at consequuntur. Iure impedit est blanditiis adipisci dolores accusantium. Qui tempora aut hic voluptas nulla nisi aspernatur.,8058,6,2012-02-26 20:56:51 UTC,2012-02-26 20:56:51 UTC
138,Item Omnis Quo,Aut tempore quidem. Voluptatem quia quaerat ut aut qui. Minima eos vel. Delectus consequatur voluptas.,71237,6,2012-02-26 20:56:51 UTC,2012-02-26 20:56:51 UTC
139,Item Illum Animi,Delectus illo qui suscipit exercitationem. Nulla et molestiae dolore similique. Consectetur culpa dolore repudiandae est optio.,4981,6,2012-02-26 20:56:51 UTC,2012-02-26 20:56:51 UTC
140,Item Cumque Ea,Soluta rerum dolorem vero. In amet at ratione iure eum mollitia consequatur. Dolorem iure qui pariatur vel quasi. Vel repellendus illum quis sed qui. Voluptas sed dolores necessitatibus voluptate.,66782,6,2012-02-26 20:56:51 UTC,2012-02-26 20:56:51 UTC
141,Item Distinctio Doloribus,Consequatur tempore sunt recusandae non est. Est tempora vel quis autem. Excepturi perspiciatis ut qui. Accusantium quas natus sit. Molestiae corrupti quis molestias aliquam et placeat sit.,82309,6,2012-02-26 20:56:51 UTC,2012-02-26 20:56:51 UTC
142,Item Est Et,Odio dolores voluptatem et dolor accusamus nisi. Illo modi voluptatem praesentium omnis. Repudiandae repellendus magni est sit sit nulla. Aliquid voluptas amet ex accusantium. Nobis perspiciatis fugit voluptatem.,81351,6,2012-02-26 20:56:51 UTC,2012-02-26 20:56:51 UTC
143,Item Animi Accusamus,Consectetur numquam repudiandae temporibus dolore quia et veniam. Nobis incidunt alias molestias rerum. Optio quis est. Maxime quibusdam dolor itaque necessitatibus quis tempora rem.,30926,6,2012-02-26 20:56:51 UTC,2012-02-26 20:56:51 UTC
144,Item Dolorem Adipisci,Consequatur consequatur adipisci qui. Iusto enim sequi inventore odio necessitatibus vitae. Incidunt occaecati omnis et ut quia.,83778,6,2012-02-26 20:56:51 UTC,2012-02-26 20:56:51 UTC
145,Item Dolores Mollitia,Id odio optio est illum iusto quia. Exercitationem quod odio dolores vel. Quasi nam est. Minus eum ad tenetur culpa placeat sunt impedit.,71045,6,2012-02-26 20:56:51 UTC,2012-02-26 20:56:51 UTC
146,Item Neque Eaque,Perferendis et praesentium omnis provident deserunt ex corrupti. Voluptas rerum a quasi et saepe et beatae. Veritatis architecto quasi vel minus. Eos alias totam dolores velit ad et est. Temporibus architecto et doloribus fugit provident fuga.,95663,6,2012-02-26 20:56:51 UTC,2012-02-26 20:56:51 UTC
147,Item Error Est,In et sit. Aspernatur delectus dolores quo at minima. Sint ipsa et quae laudantium labore et ducimus. Quia aut placeat aut quaerat necessitatibus minus. Et dolorem qui voluptas repellat eum.,27662,7,2012-02-26 20:56:51 UTC,2012-02-26 20:56:51 UTC
148,Item Aut Quos,Quae odit quia consequatur voluptatum quo ut repudiandae. Nesciunt repudiandae harum blanditiis. Facilis minima autem doloremque distinctio delectus. Cum deserunt velit qui dolor architecto voluptatibus sit.,5878,7,2012-02-26 20:56:51 UTC,2012-02-26 20:56:51 UTC
149,Item Cupiditate Aut,Omnis et eligendi laborum iure. Quia rerum soluta tenetur omnis praesentium illo. Necessitatibus sit eum hic et maiores ut. Est incidunt iste quae expedita repudiandae iusto distinctio.,93323,7,2012-02-26 20:56:51 UTC,2012-02-26 20:56:51 UTC
150,Item Porro Dolore,Aliquid quia maiores tempora aut rerum. Est maiores aut sed aut. Repellat ut praesentium nulla numquam et molestiae. Ipsum enim ipsa quia distinctio vitae ut.,40741,7,2012-02-26 20:56:51 UTC,2012-02-26 20:56:51 UTC
151,Item Beatae Debitis,Blanditiis voluptatem aspernatur aliquid non. At provident iure quisquam iste. Voluptates aut ut autem repellat laboriosam perferendis.,6108,7,2012-02-26 20:56:51 UTC,2012-02-26 20:56:51 UTC
152,Item Quod Doloremque,Minima necessitatibus aut deleniti molestiae assumenda facere. Possimus officiis accusamus est ex molestias enim. Optio et dolores autem qui. Esse libero neque. Qui voluptas non tempora maiores provident odit.,5739,7,2012-02-26 20:56:51 UTC,2012-02-26 20:56:51 UTC
153,Item Qui Pariatur,Nihil iusto ipsam. Nulla non officiis. Dolorem earum corrupti tempora ut ut ullam ut. Quod odit at.,18943,7,2012-02-26 20:56:51 UTC,2012-02-26 20:56:51 UTC
154,Item Ut Molestiae,Et vitae nesciunt. Voluptatibus voluptas sint impedit perspiciatis totam ut. Doloribus debitis vero veniam nobis id dolor.,36820,8,2012-02-26 20:56:51 UTC,2012-02-26 20:56:51 UTC
155,Item Vel Magnam,Doloremque distinctio velit non est molestiae laboriosam et. Magnam et id quis. Rerum repellat assumenda aspernatur corporis qui id et. Ullam non vel dignissimos quia tenetur.,30442,8,2012-02-26 20:56:51 UTC,2012-02-26 20:56:51 UTC
156,Item Ea Minima,Odio beatae atque. Quasi quia odio. Delectus voluptas fugiat nulla facere veritatis assumenda vero. Explicabo ut sunt dolorem quis dolor sunt quasi.,40350,8,2012-02-26 20:56:51 UTC,2012-02-26 20:56:51 UTC
157,Item Aut Eum,Libero eius nihil ut similique. Et architecto est. Ducimus quo soluta dolores. Voluptatem qui accusantium dignissimos magnam consequuntur.,21721,8,2012-02-26 20:56:51 UTC,2012-02-26 20:56:51 UTC
158,Item Natus Facere,Sit nisi ut consequatur dolorem officia. Quae eligendi velit. Sint est qui molestias numquam dignissimos. Ducimus pariatur sequi ut alias nobis voluptatem aut.,52285,8,2012-02-26 20:56:51 UTC,2012-02-26 20:56:51 UTC
159,Item Magnam Dolores,Vero incidunt et voluptas. Aspernatur dolore excepturi amet aut. Nihil aliquam aperiam id et dolores. Numquam vitae quisquam quis id dignissimos.,4818,8,2012-02-26 20:56:51 UTC,2012-02-26 20:56:51 UTC
160,Item Culpa Velit,Et vel velit facere doloribus. Aspernatur explicabo at est. Esse officia voluptatibus suscipit ab eos quas occaecati.,96862,8,2012-02-26 20:56:51 UTC,2012-02-26 20:56:51 UTC
161,Item Eos Minus,Error fuga debitis ducimus. Asperiores eos id quia neque. Sint quos quia cum. Veritatis voluptatem cupiditate asperiores eum quisquam repellendus. Nemo praesentium beatae.,45453,8,2012-02-26 20:56:51 UTC,2012-02-26 20:56:51 UTC
162,Item Cupiditate Magnam,Adipisci amet explicabo natus voluptatem eveniet cupiditate deleniti. Molestiae qui iste. Alias quia est. Omnis autem ut. Aliquam aut impedit non et quaerat commodi fugiat.,19233,8,2012-02-26 20:56:51 UTC,2012-02-26 20:56:51 UTC
163,Item Delectus Aut,Aut numquam dignissimos commodi amet et. Voluptas ut dolore aspernatur. Quisquam ut reprehenderit sint. Natus dolores voluptatibus ab et praesentium qui unde. Voluptatem harum ipsum nulla modi voluptates.,59836,8,2012-02-26 20:56:51 UTC,2012-02-26 20:56:51 UTC
164,Item Quis Repellendus,Voluptate autem omnis sed natus ratione. Nulla qui ut quisquam numquam ipsam beatae. Porro et dolore rerum laboriosam expedita.,88014,8,2012-02-26 20:56:51 UTC,2012-02-26 20:56:51 UTC
165,Item Minus Vero,Quia consequatur officiis nulla optio. Vero eum illum rerum asperiores. Voluptas perferendis et aut. In nisi ipsa. Voluptatem eligendi exercitationem voluptas.,81493,8,2012-02-26 20:56:51 UTC,2012-02-26 20:56:51 UTC
166,Item Quisquam Omnis,Ut molestiae molestiae sapiente quis nam aut incidunt. Sunt culpa quis dolore. Quia voluptatem et commodi natus. Enim aut consequatur sint sint quod id labore. Sit labore veritatis et assumenda nemo.,45618,8,2012-02-26 20:56:51 UTC,2012-02-26 20:56:51 UTC
167,Item Ipsa Possimus,Sint officiis dolor quisquam. Aliquid provident aut voluptatem ut ratione ipsam. Enim omnis perspiciatis impedit inventore mollitia aut quia. Quia rem fugit itaque.,50867,8,2012-02-26 20:56:51 UTC,2012-02-26 20:56:51 UTC
168,Item Porro Deleniti,Velit facilis perspiciatis. Sed doloribus qui velit optio et eius. Fuga autem inventore autem commodi. Magni dolorem asperiores modi.,59448,8,2012-02-26 20:56:51 UTC,2012-02-26 20:56:51 UTC
169,Item Temporibus Est,Debitis mollitia est nemo neque. Odit dicta praesentium. Quis eveniet ut. Aperiam neque labore vel minus sequi molestiae perspiciatis.,2253,8,2012-02-26 20:56:51 UTC,2012-02-26 20:56:51 UTC
170,Item Hic Ab,Praesentium suscipit atque ullam dicta maxime. Beatae ducimus tenetur ut. Harum deleniti qui ipsum accusamus dolore. Adipisci reiciendis est illum natus.,33397,8,2012-02-26 20:56:51 UTC,2012-02-26 20:56:51 UTC
171,Item Ad Tempore,Vel eum aperiam earum sit. Autem non consectetur. Hic rerum sapiente ex molestiae fugit. Eligendi sunt quaerat qui enim ipsum nisi porro. Magni rerum odio libero doloribus.,18786,8,2012-02-26 20:56:51 UTC,2012-02-26 20:56:51 UTC
172,Item Qui Non,Nemo et ut. Error aliquam dolorum explicabo est ut exercitationem. Harum laborum nihil rerum aperiam. Impedit necessitatibus soluta minus inventore deserunt. Porro debitis voluptate asperiores ad dolores consequatur.,25040,8,2012-02-26 20:56:51 UTC,2012-02-26 20:56:51 UTC
173,Item Sed Porro,Ut quia iste ratione eum laboriosam voluptatem. Enim possimus dolores eum vitae amet et voluptatem. Velit dolorem hic.,39310,8,2012-02-26 20:56:51 UTC,2012-02-26 20:56:51 UTC
174,Item Iure Perspiciatis,Ipsa ducimus consequuntur aut repellat maiores ut. Quas reprehenderit rem dolorem impedit omnis dolore asperiores. Inventore perspiciatis possimus voluptatem quaerat et in. Maxime numquam ipsa accusantium quibusdam qui laborum.,34757,8,2012-02-26 20:56:51 UTC,2012-02-26 20:56:51 UTC
175,Item Incidunt Nam,Fuga minima eum fugit laudantium. Ipsam perferendis cum nulla maiores atque repellendus. Omnis necessitatibus possimus similique. Velit dignissimos et veniam ea. Et doloribus similique et.,95658,8,2012-02-26 20:56:51 UTC,2012-02-26 20:56:51 UTC
176,Item Corrupti Aliquam,Error enim perspiciatis eum. Perferendis recusandae reiciendis. Harum eum maxime itaque quia fugit placeat. Reprehenderit officia et aut voluptates necessitatibus ea alias. Unde ipsa vel cum.,88206,8,2012-02-26 20:56:51 UTC,2012-02-26 20:56:51 UTC
177,Item Deleniti Consectetur,Aut tempore non porro deleniti quasi aperiam cum. Quod quaerat non et velit. Eius maxime facilis repudiandae vero. Ea quo consequatur commodi facere. Voluptatem illo dignissimos omnis aut dicta.,93258,8,2012-02-26 20:56:51 UTC,2012-02-26 20:56:51 UTC
178,Item Qui Earum,Eum inventore at quis laudantium. Aperiam animi eligendi. Reiciendis nihil quia aliquid. Nisi exercitationem est ut rerum ducimus qui quos. Et assumenda et.,79818,8,2012-02-26 20:56:51 UTC,2012-02-26 20:56:51 UTC
179,Item Repellat Harum,Nisi molestiae non ut culpa. Doloribus officia perferendis incidunt. Quasi ad ut est voluptate ea. Voluptatem alias consectetur quae modi.,77877,8,2012-02-26 20:56:51 UTC,2012-02-26 20:56:51 UTC
180,Item Repellat Ut,Ut nulla et non. Magnam necessitatibus exercitationem. Vel in provident laudantium ut est. Aut possimus ut quos culpa fuga est. Sed natus sapiente soluta.,66032,8,2012-02-26 20:56:51 UTC,2012-02-26 20:56:51 UTC
181,Item Ipsum Ipsa,Et iusto qui asperiores sint debitis eum ad. Fugit reprehenderit aliquid. Dicta molestiae voluptate qui atque ut explicabo et. Ullam sed ipsa harum dicta autem. Et omnis placeat at quod.,25043,8,2012-02-26 20:56:51 UTC,2012-02-26 20:56:51 UTC
182,Item Omnis Et,Nesciunt voluptatem eius laborum quisquam. Velit est eos laboriosam dolorem assumenda beatae est. Dolores quam aut neque id voluptas. Excepturi dignissimos vero. Velit omnis id.,87424,8,2012-02-26 20:56:51 UTC,2012-02-26 20:56:51 UTC
183,Item Repellat Ducimus,Dolorem iusto saepe non. Sed quos vero. Eos voluptas ut unde vero quos deleniti.,93619,8,2012-02-26 20:56:51 UTC,2012-02-26 20:56:51 UTC
184,Item Ab Et,Iure voluptas sint incidunt molestiae officiis error. Ad aut debitis voluptatem ea quos corporis voluptas. Et asperiores necessitatibus est. Et debitis optio cumque fuga quia. Quidem iure ratione corporis porro.,12652,8,2012-02-26 20:56:51 UTC,2012-02-26 20:56:51 UTC
185,Item Est Consectetur,Ut nihil quas optio aut neque et nisi. Doloremque sed eum. Voluptas omnis voluptatibus et neque repudiandae. In qui consectetur veniam distinctio.,91631,9,2012-02-26 20:56:51 UTC,2012-02-26 20:56:51 UTC
186,Item Sed Autem,Pariatur fuga aut ut repellendus numquam assumenda provident. Atque non incidunt. Nemo quas quisquam cupiditate dolor sint. Amet eum animi ipsam sed rerum qui ratione. Totam soluta rerum quod.,79450,9,2012-02-26 20:56:51 UTC,2012-02-26 20:56:51 UTC
187,Item Exercitationem Fuga,Reprehenderit omnis distinctio suscipit. Facere illum suscipit. Consequatur qui est enim voluptas corporis.,85113,9,2012-02-26 20:56:51 UTC,2012-02-26 20:56:51 UTC
188,Item Dolor Dolores,Doloremque tenetur omnis veritatis optio quis sed consequatur. Inventore repellat perferendis. Reprehenderit eius ut ut esse reiciendis et cum.,19088,9,2012-02-26 20:56:51 UTC,2012-02-26 20:56:51 UTC
189,Item Est Ut,Sed exercitationem quia reprehenderit. Repudiandae fugiat dolor delectus a. Ut culpa totam est eos et. Dolorum reprehenderit eum non. Delectus aut aliquam ut.,23023,9,2012-02-26 20:56:51 UTC,2012-02-26 20:56:51 UTC
190,Item Magnam Repudiandae,Ut id eaque soluta modi aut accusamus amet. Officiis et perspiciatis aliquid aut reprehenderit. Excepturi minima non et dolore expedita. Quis aut nobis rerum. Alias dolores accusantium reprehenderit veritatis.,20364,9,2012-02-26 20:56:51 UTC,2012-02-26 20:56:51 UTC
191,Item Eos Suscipit,Tempore rerum aperiam. Sit eos neque consequatur quas recusandae. Perferendis est quisquam.,33593,9,2012-02-26 20:56:51 UTC,2012-02-26 20:56:51 UTC
192,Item Molestias Aspernatur,Expedita doloribus placeat molestias alias quia est quisquam. Doloremque inventore occaecati consectetur alias odio. Quos commodi sit. Occaecati ab optio. Sint quia consectetur quam aut eos sapiente.,67712,9,2012-02-26 20:56:51 UTC,2012-02-26 20:56:51 UTC
193,Item Provident Nisi,Iusto voluptas sint repellat. Illo molestias recusandae placeat sapiente at. Esse placeat dignissimos vel et illum cum dolorem.,50102,9,2012-02-26 20:56:51 UTC,2012-02-26 20:56:51 UTC
194,Item Qui Aliquid,Similique dicta in voluptatem omnis. Sed vel laborum. At corrupti impedit facilis accusamus ipsa.,36747,9,2012-02-26 20:56:51 UTC,2012-02-26 20:56:51 UTC
195,Item Accusamus Optio,Et voluptas reprehenderit recusandae alias. Ea corporis accusamus. Nobis a alias. Cum sit et aperiam ut. Cum officiis qui natus et cumque assumenda.,72830,9,2012-02-26 20:56:51 UTC,2012-02-26 20:56:51 UTC
196,Item Minima Magnam,Aut vitae ad itaque placeat repudiandae et. Maxime placeat facilis ut voluptatem in. Exercitationem officia officiis id et distinctio. Sequi soluta commodi.,78702,9,2012-02-26 20:56:51 UTC,2012-02-26 20:56:51 UTC
197,Item Voluptatum Veniam,Rerum maxime eius architecto vero. Maxime ab neque molestias dolorem. Necessitatibus nam occaecati enim consectetur animi. Vero in eveniet laudantium quae magni natus.,76495,9,2012-02-26 20:56:51 UTC,2012-02-26 20:56:51 UTC
198,Item Error Doloremque,A aut et omnis exercitationem asperiores. Odio quibusdam rem impedit et beatae voluptates ducimus. Qui et et non accusamus.,93124,9,2012-02-26 20:56:51 UTC,2012-02-26 20:56:51 UTC
199,Item Rerum Debitis,Est dolor beatae aut quas eum. Consequatur non est voluptatem illo. Sit voluptas maxime voluptatem ratione rerum. Est esse vitae.,52617,9,2012-02-26 20:56:51 UTC,2012-02-26 20:56:51 UTC
200,Item Et Qui,Tempora ea iste at impedit velit maxime. Dolor autem sint quis et. Et incidunt minima quibusdam dolorem laboriosam labore.,84253,9,2012-02-26 20:56:51 UTC,2012-02-26 20:56:51 UTC
201,Item Ut Voluptatem,Tempore enim asperiores occaecati. Iusto qui rerum. Laudantium adipisci facere aliquam atque doloribus repellendus.,99956,9,2012-02-26 20:56:51 UTC,2012-02-26 20:56:51 UTC
202,Item Assumenda Minima,Ea at nobis vero. Ullam ad esse qui. Libero id magnam doloremque iure impedit et assumenda. Dolores necessitatibus suscipit autem numquam soluta consequuntur. Et veniam iure aut molestiae enim alias.,8561,9,2012-02-26 20:56:51 UTC,2012-02-26 20:56:51 UTC
203,Item Inventore Natus,Quis qui dicta. Aut at numquam nam tenetur autem ea. Alias sequi placeat aut enim accusantium fugit.,57755,9,2012-02-26 20:56:51 UTC,2012-02-26 20:56:51 UTC
204,Item Doloremque Dolorum,Est qui aperiam est voluptates et provident et. Incidunt animi laboriosam sint. Odit adipisci aut repudiandae non labore. Autem nihil dolorum et et.,76606,9,2012-02-26 20:56:51 UTC,2012-02-26 20:56:51 UTC
205,Item Impedit Quae,Est nihil ipsum ducimus enim laborum quasi delectus. Nesciunt ab harum et maxime soluta. Saepe ut vel consequuntur voluptatibus voluptatem a.,13611,9,2012-02-26 20:56:51 UTC,2012-02-26 20:56:51 UTC
206,Item Doloribus Omnis,Deserunt quaerat vel qui sit dolore enim. Odio corporis numquam nihil reiciendis velit fugiat minus. Occaecati officia aut qui nihil. Dicta voluptatum ducimus.,75623,9,2012-02-26 20:56:51 UTC,2012-02-26 20:56:51 UTC
207,Item Aut Nam,Earum alias quasi beatae sed mollitia rerum ducimus. Consectetur ut nostrum. Quia ducimus dignissimos in qui assumenda consequatur cupiditate. Aliquid et fuga vel voluptas. Vero amet tempore aspernatur sunt est temporibus atque.,97502,9,2012-02-26 20:56:51 UTC,2012-02-26 20:56:51 UTC
208,Item Et Beatae,Libero blanditiis quo ut repudiandae. At cupiditate dolores aut modi quasi. Id molestiae est occaecati. Doloremque eum vel facere aut.,54823,9,2012-02-26 20:56:51 UTC,2012-02-26 20:56:51 UTC
209,Item Facere In,Dolores accusantium possimus ad corrupti iusto eum eos. Excepturi quisquam laborum sit. Nobis et magni magnam architecto porro est qui. Et expedita id similique impedit et. Porro perferendis quis nostrum repellendus.,65588,9,2012-02-26 20:56:51 UTC,2012-02-26 20:56:51 UTC
210,Item Nostrum Sit,In soluta et. Repellendus quia officia harum praesentium illo incidunt. Necessitatibus omnis optio sunt neque explicabo. Nam possimus delectus odio qui facilis nostrum aut.,79400,9,2012-02-26 20:56:51 UTC,2012-02-26 20:56:51 UTC
211,Item Saepe Sint,Minus impedit laudantium. Ipsa et a fuga quae debitis assumenda et. Sed sapiente aut at aut ipsam magnam. Possimus recusandae tempore consequatur incidunt dignissimos voluptates voluptatem. Vel ea minus explicabo cupiditate debitis.,56874,9,2012-02-26 20:56:51 UTC,2012-02-26 20:56:51 UTC
212,Item Reiciendis Rerum,Vero sint ut. Omnis ducimus ad facere quia quo enim. Cum vitae veritatis aliquam neque enim. Perspiciatis voluptates sequi consequatur est.,9817,9,2012-02-26 20:56:51 UTC,2012-02-26 20:56:51 UTC
213,Item Quod Minima,Nostrum iste dolorem beatae aut debitis maiores. Corporis molestias aut reprehenderit consequatur tempore. Deleniti occaecati natus et. Amet facilis nisi numquam eum ea consequatur ut. Sit laboriosam eum impedit optio recusandae.,37081,9,2012-02-26 20:56:51 UTC,2012-02-26 20:56:51 UTC
214,Item Ducimus Ut,Omnis minima voluptatem tenetur quod aliquam qui. Et et praesentium. Ut quia eos eum ipsa dolores nesciunt. Occaecati perspiciatis incidunt labore. Odio eius quis at adipisci totam.,85539,9,2012-02-26 20:56:51 UTC,2012-02-26 20:56:51 UTC
215,Item Temporibus Ad,Quis cumque at nulla exercitationem et dolorum ullam. Asperiores ducimus sed vel tenetur dignissimos ullam. Nulla est dolor corrupti quasi. Nulla aperiam facilis quae repellendus.,7732,9,2012-02-26 20:56:51 UTC,2012-02-26 20:56:51 UTC
216,Item Labore Corrupti,Quibusdam inventore incidunt perferendis deserunt sint. Porro illo qui pariatur doloremque excepturi et. Sed nemo debitis molestias. Tempora explicabo sint neque ad deleniti. Aut voluptas asperiores aperiam sed in animi.,19737,9,2012-02-26 20:56:51 UTC,2012-02-26 20:56:51 UTC
217,Item Quia Consequatur,Est ducimus ut illo voluptatem ab nemo. Id tempore voluptate nisi. Tempora optio quas. Animi commodi autem.,46464,9,2012-02-26 20:56:51 UTC,2012-02-26 20:56:51 UTC
218,Item Eos Ad,Est laborum eligendi tenetur eveniet. Exercitationem quo quia et et maxime incidunt. Eaque laboriosam enim sint esse quia consequatur voluptatum.,40147,9,2012-02-26 20:56:51 UTC,2012-02-26 20:56:51 UTC
219,Item Dolorum Qui,Laboriosam aut et est. Ab natus repudiandae inventore voluptates. Quia occaecati deserunt in sint facilis dicta. Vero cum expedita ut optio eos esse.,95367,9,2012-02-26 20:56:51 UTC,2012-02-26 20:56:51 UTC
220,Item Dolorem Ullam,At vero veniam. Vero fugit ipsa ad repellendus facere sit veniam. Esse ipsa et inventore repudiandae blanditiis.,8687,9,2012-02-26 20:56:51 UTC,2012-02-26 20:56:51 UTC
221,Item Veniam Et,Qui earum nobis. Odio dolores officia rerum beatae neque magni rerum. Unde laboriosam aliquam eos.,64734,9,2012-02-26 20:56:51 UTC,2012-02-26 20:56:51 UTC
222,Item Vel Qui,Et qui optio et veritatis atque vel quam. Reiciendis quis esse aut fugit fuga est. Et sint et dicta recusandae numquam doloremque ea. Et architecto optio commodi laboriosam.,57943,9,2012-02-26 20:56:51 UTC,2012-02-26 20:56:51 UTC
223,Item Fugiat Voluptas,Iste voluptas non praesentium distinctio enim ad. Accusantium cumque aliquam. Molestiae eius possimus qui. Laboriosam dolorem vel. Aut vitae qui harum repellat libero porro.,47267,9,2012-02-26 20:56:51 UTC,2012-02-26 20:56:51 UTC
224,Item Dicta Et,Quam provident corrupti non repellat delectus. Voluptates earum veniam architecto vel animi. Quia reprehenderit voluptatem expedita praesentium dolorem ab accusamus. Et doloribus fugiat. Necessitatibus praesentium soluta eius ut.,84165,9,2012-02-26 20:56:51 UTC,2012-02-26 20:56:51 UTC
225,Item Dolores Repudiandae,Voluptatem numquam pariatur. Aut possimus vero. Sapiente tenetur vel. Impedit natus laboriosam veniam aut. Nulla odio officiis libero id unde qui.,3242,9,2012-02-26 20:56:51 UTC,2012-02-26 20:56:51 UTC
226,Item Ratione Eum,Vel doloribus numquam. Eveniet sunt doloremque quia rerum. Eveniet id ut molestiae error porro aut unde. Eius molestiae et eaque molestias nobis.,54550,9,2012-02-26 20:56:51 UTC,2012-02-26 20:56:51 UTC
227,Item Sed Ea,Tempore hic sed aspernatur nihil esse. Tempore modi omnis facere. Perspiciatis sint veritatis eos in.,13942,9,2012-02-26 20:56:51 UTC,2012-02-26 20:56:51 UTC
228,Item Ut Reprehenderit,Adipisci ut repellendus molestiae et quaerat. Velit blanditiis odit vel. Sed aliquid est vero. Officia veritatis minima aliquid ad et. Et in fugit et quo minus voluptatibus fuga.,20541,9,2012-02-26 20:56:51 UTC,2012-02-26 20:56:51 UTC
229,Item Qui Harum,Ad beatae laborum. Quis labore voluptatem omnis nobis commodi quia. Quo eveniet qui ut. Atque enim at dolore. Quas quisquam nisi.,91699,9,2012-02-26 20:56:51 UTC,2012-02-26 20:56:51 UTC
230,Item Quae Accusamus,Nesciunt fugiat illo voluptatem praesentium et eaque dicta. Consequuntur id excepturi velit. Aliquid eligendi atque culpa nesciunt.,75824,10,2012-02-26 20:56:51 UTC,2012-02-26 20:56:51 UTC
231,Item Et Odio,Aut et perspiciatis qui ratione sed. Ipsam sed ea nam. Quae occaecati aut harum deleniti.,31736,11,2012-02-26 20:56:51 UTC,2012-02-26 20:56:51 UTC
232,Item Id Qui,Voluptatem soluta officiis iste quasi eaque omnis quos. Corrupti eius soluta ipsa eum. Odit sunt quo fugiat autem repellat magnam ratione.,84931,11,2012-02-26 20:56:51 UTC,2012-02-26 20:56:51 UTC
233,Item Animi Iusto,Facere dolorum sit fugit necessitatibus ut. Itaque vel aut dolor eum. Impedit et nisi doloremque recusandae qui sed sapiente. Non vero modi quia voluptatem.,1518,11,2012-02-26 20:56:51 UTC,2012-02-26 20:56:51 UTC
234,Item Velit Omnis,Perferendis vero at ex. Rerum nam in quia qui distinctio. Vel tenetur ducimus omnis iste molestias.,51902,11,2012-02-26 20:56:51 UTC,2012-02-26 20:56:51 UTC
235,Item Numquam Est,Quis consequatur possimus saepe laboriosam numquam voluptatem ratione. Consequatur odit nemo veritatis earum provident consequatur dolor. Pariatur ipsum autem. Et ut culpa.,98553,11,2012-02-26 20:56:51 UTC,2012-02-26 20:56:51 UTC
236,Item Voluptas Id,Sit qui saepe hic. Architecto consequuntur earum assumenda. Aspernatur voluptatum quia aut. Esse nesciunt dicta.,56363,11,2012-02-26 20:56:51 UTC,2012-02-26 20:56:51 UTC
237,Item Voluptatem Ipsum,Mollitia harum voluptatem. Labore doloremque autem nihil. Neque exercitationem reprehenderit et.,67232,11,2012-02-26 20:56:51 UTC,2012-02-26 20:56:51 UTC
238,Item Assumenda Impedit,Neque nostrum necessitatibus. Non excepturi ex quisquam impedit occaecati delectus. Velit asperiores error fugiat tenetur veritatis.,49991,11,2012-02-26 20:56:51 UTC,2012-02-26 20:56:51 UTC
239,Item Dolores Quia,Enim aliquid rerum tempore sit tenetur hic. Quis ducimus amet. Temporibus et ea ut.,54258,11,2012-02-26 20:56:51 UTC,2012-02-26 20:56:51 UTC
240,Item Debitis Suscipit,Cum voluptatem voluptas sint aut quisquam qui. Cupiditate doloribus voluptatem numquam magni voluptas sit odio. Aperiam ratione ipsa vero a nesciunt exercitationem eum.,98926,11,2012-02-26 20:56:51 UTC,2012-02-26 20:56:51 UTC
241,Item Error Reprehenderit,Atque ducimus et harum officia quis. Quaerat autem a. Qui omnis rerum ducimus sunt. Quo qui est illo. Minima autem et vitae harum nobis ut.,22687,11,2012-02-26 20:56:51 UTC,2012-02-26 20:56:51 UTC
242,Item Sunt Provident,Voluptas adipisci in esse voluptas veniam. Temporibus molestiae voluptas sed aut. Laudantium autem natus nisi quis pariatur cum. Sit ex aut debitis recusandae deleniti consequuntur. Sapiente voluptas praesentium et.,75884,11,2012-02-26 20:56:51 UTC,2012-02-26 20:56:51 UTC
243,Item Voluptatem Aut,Est quidem quo saepe deleniti enim quod. Sint et optio quia facere quas. Inventore harum accusantium.,6182,11,2012-02-26 20:56:51 UTC,2012-02-26 20:56:51 UTC
244,Item Ad In,Rem ea at veniam cum. Id totam magni nam ea. Neque pariatur rerum quam et possimus. Non autem et maiores et. Et illo voluptas.,71633,11,2012-02-26 20:56:51 UTC,2012-02-26 20:56:51 UTC
245,Item Et Omnis,Sequi velit qui consequatur. Delectus sit sed eos iusto et sit dicta. Quae repellat consequuntur nisi porro non. Corporis eos sequi officiis.,63577,11,2012-02-26 20:56:51 UTC,2012-02-26 20:56:51 UTC
246,Item Enim Velit,Rerum explicabo quod voluptates quis quia. Nihil eligendi sunt nemo dolor. Voluptatibus quo debitis. Quidem fugit quos itaque dolorem vel. Quas rerum nesciunt quisquam exercitationem est.,60997,11,2012-02-26 20:56:51 UTC,2012-02-26 20:56:51 UTC
247,Item Illum Qui,Reiciendis odit neque vel itaque. Quis dicta doloribus reiciendis omnis dolorem molestias possimus. Labore occaecati dignissimos odio aspernatur quaerat et. Fuga qui culpa minus et. Assumenda ex magnam veniam.,41708,11,2012-02-26 20:56:51 UTC,2012-02-26 20:56:51 UTC
248,Item Reprehenderit Non,Animi eius rerum quaerat. Et suscipit ipsa. Accusantium nemo quo modi tempora alias.,8216,11,2012-02-26 20:56:51 UTC,2012-02-26 20:56:51 UTC
249,Item Eius Recusandae,Omnis vero sed est porro quidem expedita. Sit magnam qui aut molestias. Est rerum impedit aspernatur sit ut voluptatem ut. Est aut cumque explicabo. Doloribus aliquam libero quo voluptatibus soluta.,65378,11,2012-02-26 20:56:51 UTC,2012-02-26 20:56:51 UTC
250,Item Aperiam Natus,Sit vel soluta sed molestiae. Ut facilis ut rerum. Omnis fugiat et facere maxime exercitationem. Tenetur et saepe et eligendi distinctio. Beatae corporis saepe dolorum.,70518,11,2012-02-26 20:56:51 UTC,2012-02-26 20:56:51 UTC